isolate_id,fastq_1,fastq_2
LV2B000001,/n/groups/kwon/joseph/data/LV2B_isolates/LV2B000001/LV2B000001_1.fastq.gz,/n/groups/kwon/joseph/data/LV2B_isolates/LV2B000001/LV2B000001_1.fastq.gz
LV2B000002,/n/groups/kwon/joseph/data/LV2B_isolates/LV2B000002/LV2B000002_1.fastq.gz,/n/groups/kwon/joseph/data/LV2B_isolates/LV2B000002/LV2B000002_1.fastq.gz
LV2B000003,/n/groups/kwon/joseph/data/LV2B_isolates/LV2B000003/LV2B000003_1.fastq.gz,/n/groups/kwon/joseph/data/LV2B_isolates/LV2B000003/LV2B000003_1.fastq.gz
LV2B000004,/n/groups/kwon/joseph/data/LV2B_isolates/LV2B000004/LV2B000004_1.fastq.gz,/n/groups/kwon/joseph/data/LV2B_isolates/LV2B000004/LV2B000004_1.fastq.gz
LV2B000005,/n/groups/kwon/joseph/data/LV2B_isolates/LV2B000005/LV2B000005_1.fastq.gz,/n/groups/kwon/joseph/data/LV2B_isolates/LV2B000005/LV2B000005_1.fastq.gz
LV2B000006,/n/groups/kwon/joseph/data/LV2B_isolates/LV2B000006/LV2B000006_1.fastq.gz,/n/groups/kwon/joseph/data/LV2B_isolates/LV2B000006/LV2B000006_1.fastq.gz
LV2B000007,/n/groups/kwon/joseph/data/LV2B_isolates/LV2B000007/LV2B000007_1.fastq.gz,/n/groups/kwon/joseph/data/LV2B_isolates/LV2B000007/LV2B000007_1.fastq.gz
LV2B000008,/n/groups/kwon/joseph/data/LV2B_isolates/LV2B000008/LV2B000008_1.fastq.gz,/n/groups/kwon/joseph/data/LV2B_isolates/LV2B000008/LV2B000008_1.fastq.gz
LV2B000009,/n/groups/kwon/joseph/data/LV2B_isolates/LV2B000009/LV2B000009_1.fastq.gz,/n/groups/kwon/joseph/data/LV2B_isolates/LV2B000009/LV2B000009_1.fastq.gz
LV2B000010,/n/groups/kwon/joseph/data/LV2B_isolates/LV2B000010/LV2B000010_1.fastq.gz,/n/groups/kwon/joseph/data/LV2B_isolates/LV2B000010/LV2B000010_1.fastq.gz
LV2B000011,/n/groups/kwon/joseph/data/LV2B_isolates/LV2B000011/LV2B000011_1.fastq.gz,/n/groups/kwon/joseph/data/LV2B_isolates/LV2B000011/LV2B000011_1.fastq.gz
LV2B000012,/n/groups/kwon/joseph/data/LV2B_isolates/LV2B000012/LV2B000012_1.fastq.gz,/n/groups/kwon/joseph/data/LV2B_isolates/LV2B000012/LV2B000012_1.fastq.gz
LV2B000013,/n/groups/kwon/joseph/data/LV2B_isolates/LV2B000013/LV2B000013_1.fastq.gz,/n/groups/kwon/joseph/data/LV2B_isolates/LV2B000013/LV2B000013_1.fastq.gz
LV2B000014,/n/groups/kwon/joseph/data/LV2B_isolates/LV2B000014/LV2B000014_1.fastq.gz,/n/groups/kwon/joseph/data/LV2B_isolates/LV2B000014/LV2B000014_1.fastq.gz
LV2B000015,/n/groups/kwon/joseph/data/LV2B_isolates/LV2B000015/LV2B000015_1.fastq.gz,/n/groups/kwon/joseph/data/LV2B_isolates/LV2B000015/LV2B000015_1.fastq.gz
LV2B000016,/n/groups/kwon/joseph/data/LV2B_isolates/LV2B000016/LV2B000016_1.fastq.gz,/n/groups/kwon/joseph/data/LV2B_isolates/LV2B000016/LV2B000016_1.fastq.gz
LV2B000017,/n/groups/kwon/joseph/data/LV2B_isolates/LV2B000017/LV2B000017_1.fastq.gz,/n/groups/kwon/joseph/data/LV2B_isolates/LV2B000017/LV2B000017_1.fastq.gz
LV2B000018,/n/groups/kwon/joseph/data/LV2B_isolates/LV2B000018/LV2B000018_1.fastq.gz,/n/groups/kwon/joseph/data/LV2B_isolates/LV2B000018/LV2B000018_1.fastq.gz
LV2B000019,/n/groups/kwon/joseph/data/LV2B_isolates/LV2B000019/LV2B000019_1.fastq.gz,/n/groups/kwon/joseph/data/LV2B_isolates/LV2B000019/LV2B000019_1.fastq.gz
LV2B000020,/n/groups/kwon/joseph/data/LV2B_isolates/LV2B000020/LV2B000020_1.fastq.gz,/n/groups/kwon/joseph/data/LV2B_isolates/LV2B000020/LV2B000020_1.fastq.gz
LV2B000021,/n/groups/kwon/joseph/data/LV2B_isolates/LV2B000021/LV2B000021_1.fastq.gz,/n/groups/kwon/joseph/data/LV2B_isolates/LV2B000021/LV2B000021_1.fastq.gz
LV2B000022,/n/groups/kwon/joseph/data/LV2B_isolates/LV2B000022/LV2B000022_1.fastq.gz,/n/groups/kwon/joseph/data/LV2B_isolates/LV2B000022/LV2B000022_1.fastq.gz
LV2B000023,/n/groups/kwon/joseph/data/LV2B_isolates/LV2B000023/LV2B000023_1.fastq.gz,/n/groups/kwon/joseph/data/LV2B_isolates/LV2B000023/LV2B000023_1.fastq.gz
LV2B000024,/n/groups/kwon/joseph/data/LV2B_isolates/LV2B000024/LV2B000024_1.fastq.gz,/n/groups/kwon/joseph/data/LV2B_isolates/LV2B000024/LV2B000024_1.fastq.gz
LV2B000025,/n/groups/kwon/joseph/data/LV2B_isolates/LV2B000025/LV2B000025_1.fastq.gz,/n/groups/kwon/joseph/data/LV2B_isolates/LV2B000025/LV2B000025_1.fastq.gz
LV2B000026,/n/groups/kwon/joseph/data/LV2B_isolates/LV2B000026/LV2B000026_1.fastq.gz,/n/groups/kwon/joseph/data/LV2B_isolates/LV2B000026/LV2B000026_1.fastq.gz
LV2B000027,/n/groups/kwon/joseph/data/LV2B_isolates/LV2B000027/LV2B000027_1.fastq.gz,/n/groups/kwon/joseph/data/LV2B_isolates/LV2B000027/LV2B000027_1.fastq.gz
LV2B000028,/n/groups/kwon/joseph/data/LV2B_isolates/LV2B000028/LV2B000028_1.fastq.gz,/n/groups/kwon/joseph/data/LV2B_isolates/LV2B000028/LV2B000028_1.fastq.gz
LV2B000029,/n/groups/kwon/joseph/data/LV2B_isolates/LV2B000029/LV2B000029_1.fastq.gz,/n/groups/kwon/joseph/data/LV2B_isolates/LV2B000029/LV2B000029_1.fastq.gz
LV2B000030,/n/groups/kwon/joseph/data/LV2B_isolates/LV2B000030/LV2B000030_1.fastq.gz,/n/groups/kwon/joseph/data/LV2B_isolates/LV2B000030/LV2B000030_1.fastq.gz
LV2B000031,/n/groups/kwon/joseph/data/LV2B_isolates/LV2B000031/LV2B000031_1.fastq.gz,/n/groups/kwon/joseph/data/LV2B_isolates/LV2B000031/LV2B000031_1.fastq.gz
LV2B000032,/n/groups/kwon/joseph/data/LV2B_isolates/LV2B000032/LV2B000032_1.fastq.gz,/n/groups/kwon/joseph/data/LV2B_isolates/LV2B000032/LV2B000032_1.fastq.gz
LV2B000033,/n/groups/kwon/joseph/data/LV2B_isolates/LV2B000033/LV2B000033_1.fastq.gz,/n/groups/kwon/joseph/data/LV2B_isolates/LV2B000033/LV2B000033_1.fastq.gz
LV2B000034,/n/groups/kwon/joseph/data/LV2B_isolates/LV2B000034/LV2B000034_1.fastq.gz,/n/groups/kwon/joseph/data/LV2B_isolates/LV2B000034/LV2B000034_1.fastq.gz
LV2B000035,/n/groups/kwon/joseph/data/LV2B_isolates/LV2B000035/LV2B000035_1.fastq.gz,/n/groups/kwon/joseph/data/LV2B_isolates/LV2B000035/LV2B000035_1.fastq.gz
LV2B000036,/n/groups/kwon/joseph/data/LV2B_isolates/LV2B000036/LV2B000036_1.fastq.gz,/n/groups/kwon/joseph/data/LV2B_isolates/LV2B000036/LV2B000036_1.fastq.gz
LV2B000037,/n/groups/kwon/joseph/data/LV2B_isolates/LV2B000037/LV2B000037_1.fastq.gz,/n/groups/kwon/joseph/data/LV2B_isolates/LV2B000037/LV2B000037_1.fastq.gz
LV2B000038,/n/groups/kwon/joseph/data/LV2B_isolates/LV2B000038/LV2B000038_1.fastq.gz,/n/groups/kwon/joseph/data/LV2B_isolates/LV2B000038/LV2B000038_1.fastq.gz
LV2B000039,/n/groups/kwon/joseph/data/LV2B_isolates/LV2B000039/LV2B000039_1.fastq.gz,/n/groups/kwon/joseph/data/LV2B_isolates/LV2B000039/LV2B000039_1.fastq.gz
LV2B000040,/n/groups/kwon/joseph/data/LV2B_isolates/LV2B000040/LV2B000040_1.fastq.gz,/n/groups/kwon/joseph/data/LV2B_isolates/LV2B000040/LV2B000040_1.fastq.gz
LV2B000041,/n/groups/kwon/joseph/data/LV2B_isolates/LV2B000041/LV2B000041_1.fastq.gz,/n/groups/kwon/joseph/data/LV2B_isolates/LV2B000041/LV2B000041_1.fastq.gz
LV2B000042,/n/groups/kwon/joseph/data/LV2B_isolates/LV2B000042/LV2B000042_1.fastq.gz,/n/groups/kwon/joseph/data/LV2B_isolates/LV2B000042/LV2B000042_1.fastq.gz
LV2B000043,/n/groups/kwon/joseph/data/LV2B_isolates/LV2B000043/LV2B000043_1.fastq.gz,/n/groups/kwon/joseph/data/LV2B_isolates/LV2B000043/LV2B000043_1.fastq.gz
LV2B000044,/n/groups/kwon/joseph/data/LV2B_isolates/LV2B000044/LV2B000044_1.fastq.gz,/n/groups/kwon/joseph/data/LV2B_isolates/LV2B000044/LV2B000044_1.fastq.gz
LV2B000045,/n/groups/kwon/joseph/data/LV2B_isolates/LV2B000045/LV2B000045_1.fastq.gz,/n/groups/kwon/joseph/data/LV2B_isolates/LV2B000045/LV2B000045_1.fastq.gz
LV2B000046,/n/groups/kwon/joseph/data/LV2B_isolates/LV2B000046/LV2B000046_1.fastq.gz,/n/groups/kwon/joseph/data/LV2B_isolates/LV2B000046/LV2B000046_1.fastq.gz
LV2B000047,/n/groups/kwon/joseph/data/LV2B_isolates/LV2B000047/LV2B000047_1.fastq.gz,/n/groups/kwon/joseph/data/LV2B_isolates/LV2B000047/LV2B000047_1.fastq.gz
LV2B000048,/n/groups/kwon/joseph/data/LV2B_isolates/LV2B000048/LV2B000048_1.fastq.gz,/n/groups/kwon/joseph/data/LV2B_isolates/LV2B000048/LV2B000048_1.fastq.gz
LV2B000049,/n/groups/kwon/joseph/data/LV2B_isolates/LV2B000049/LV2B000049_1.fastq.gz,/n/groups/kwon/joseph/data/LV2B_isolates/LV2B000049/LV2B000049_1.fastq.gz
LV2B000050,/n/groups/kwon/joseph/data/LV2B_isolates/LV2B000050/LV2B000050_1.fastq.gz,/n/groups/kwon/joseph/data/LV2B_isolates/LV2B000050/LV2B000050_1.fastq.gz
LV2B000051,/n/groups/kwon/joseph/data/LV2B_isolates/LV2B000051/LV2B000051_1.fastq.gz,/n/groups/kwon/joseph/data/LV2B_isolates/LV2B000051/LV2B000051_1.fastq.gz
LV2B000052,/n/groups/kwon/joseph/data/LV2B_isolates/LV2B000052/LV2B000052_1.fastq.gz,/n/groups/kwon/joseph/data/LV2B_isolates/LV2B000052/LV2B000052_1.fastq.gz
LV2B000053,/n/groups/kwon/joseph/data/LV2B_isolates/LV2B000053/LV2B000053_1.fastq.gz,/n/groups/kwon/joseph/data/LV2B_isolates/LV2B000053/LV2B000053_1.fastq.gz
LV2B000054,/n/groups/kwon/joseph/data/LV2B_isolates/LV2B000054/LV2B000054_1.fastq.gz,/n/groups/kwon/joseph/data/LV2B_isolates/LV2B000054/LV2B000054_1.fastq.gz
LV2B000055,/n/groups/kwon/joseph/data/LV2B_isolates/LV2B000055/LV2B000055_1.fastq.gz,/n/groups/kwon/joseph/data/LV2B_isolates/LV2B000055/LV2B000055_1.fastq.gz
LV2B000056,/n/groups/kwon/joseph/data/LV2B_isolates/LV2B000056/LV2B000056_1.fastq.gz,/n/groups/kwon/joseph/data/LV2B_isolates/LV2B000056/LV2B000056_1.fastq.gz
LV2B000057,/n/groups/kwon/joseph/data/LV2B_isolates/LV2B000057/LV2B000057_1.fastq.gz,/n/groups/kwon/joseph/data/LV2B_isolates/LV2B000057/LV2B000057_1.fastq.gz
LV2B000058,/n/groups/kwon/joseph/data/LV2B_isolates/LV2B000058/LV2B000058_1.fastq.gz,/n/groups/kwon/joseph/data/LV2B_isolates/LV2B000058/LV2B000058_1.fastq.gz
LV2B000059,/n/groups/kwon/joseph/data/LV2B_isolates/LV2B000059/LV2B000059_1.fastq.gz,/n/groups/kwon/joseph/data/LV2B_isolates/LV2B000059/LV2B000059_1.fastq.gz
LV2B000060,/n/groups/kwon/joseph/data/LV2B_isolates/LV2B000060/LV2B000060_1.fastq.gz,/n/groups/kwon/joseph/data/LV2B_isolates/LV2B000060/LV2B000060_1.fastq.gz
LV2B000061,/n/groups/kwon/joseph/data/LV2B_isolates/LV2B000061/LV2B000061_1.fastq.gz,/n/groups/kwon/joseph/data/LV2B_isolates/LV2B000061/LV2B000061_1.fastq.gz
LV2B000062,/n/groups/kwon/joseph/data/LV2B_isolates/LV2B000062/LV2B000062_1.fastq.gz,/n/groups/kwon/joseph/data/LV2B_isolates/LV2B000062/LV2B000062_1.fastq.gz
LV2B000063,/n/groups/kwon/joseph/data/LV2B_isolates/LV2B000063/LV2B000063_1.fastq.gz,/n/groups/kwon/joseph/data/LV2B_isolates/LV2B000063/LV2B000063_1.fastq.gz
LV2B000064,/n/groups/kwon/joseph/data/LV2B_isolates/LV2B000064/LV2B000064_1.fastq.gz,/n/groups/kwon/joseph/data/LV2B_isolates/LV2B000064/LV2B000064_1.fastq.gz
LV2B000065,/n/groups/kwon/joseph/data/LV2B_isolates/LV2B000065/LV2B000065_1.fastq.gz,/n/groups/kwon/joseph/data/LV2B_isolates/LV2B000065/LV2B000065_1.fastq.gz
LV2B000066,/n/groups/kwon/joseph/data/LV2B_isolates/LV2B000066/LV2B000066_1.fastq.gz,/n/groups/kwon/joseph/data/LV2B_isolates/LV2B000066/LV2B000066_1.fastq.gz
LV2B000067,/n/groups/kwon/joseph/data/LV2B_isolates/LV2B000067/LV2B000067_1.fastq.gz,/n/groups/kwon/joseph/data/LV2B_isolates/LV2B000067/LV2B000067_1.fastq.gz
LV2B000068,/n/groups/kwon/joseph/data/LV2B_isolates/LV2B000068/LV2B000068_1.fastq.gz,/n/groups/kwon/joseph/data/LV2B_isolates/LV2B000068/LV2B000068_1.fastq.gz
LV2B000069,/n/groups/kwon/joseph/data/LV2B_isolates/LV2B000069/LV2B000069_1.fastq.gz,/n/groups/kwon/joseph/data/LV2B_isolates/LV2B000069/LV2B000069_1.fastq.gz
LV2B000070,/n/groups/kwon/joseph/data/LV2B_isolates/LV2B000070/LV2B000070_1.fastq.gz,/n/groups/kwon/joseph/data/LV2B_isolates/LV2B000070/LV2B000070_1.fastq.gz
LV2B000071,/n/groups/kwon/joseph/data/LV2B_isolates/LV2B000071/LV2B000071_1.fastq.gz,/n/groups/kwon/joseph/data/LV2B_isolates/LV2B000071/LV2B000071_1.fastq.gz
LV2B000072,/n/groups/kwon/joseph/data/LV2B_isolates/LV2B000072/LV2B000072_1.fastq.gz,/n/groups/kwon/joseph/data/LV2B_isolates/LV2B000072/LV2B000072_1.fastq.gz
LV2B000073,/n/groups/kwon/joseph/data/LV2B_isolates/LV2B000073/LV2B000073_1.fastq.gz,/n/groups/kwon/joseph/data/LV2B_isolates/LV2B000073/LV2B000073_1.fastq.gz
LV2B000074,/n/groups/kwon/joseph/data/LV2B_isolates/LV2B000074/LV2B000074_1.fastq.gz,/n/groups/kwon/joseph/data/LV2B_isolates/LV2B000074/LV2B000074_1.fastq.gz
LV2B000075,/n/groups/kwon/joseph/data/LV2B_isolates/LV2B000075/LV2B000075_1.fastq.gz,/n/groups/kwon/joseph/data/LV2B_isolates/LV2B000075/LV2B000075_1.fastq.gz
LV2B000076,/n/groups/kwon/joseph/data/LV2B_isolates/LV2B000076/LV2B000076_1.fastq.gz,/n/groups/kwon/joseph/data/LV2B_isolates/LV2B000076/LV2B000076_1.fastq.gz
LV2B000077,/n/groups/kwon/joseph/data/LV2B_isolates/LV2B000077/LV2B000077_1.fastq.gz,/n/groups/kwon/joseph/data/LV2B_isolates/LV2B000077/LV2B000077_1.fastq.gz
LV2B000078,/n/groups/kwon/joseph/data/LV2B_isolates/LV2B000078/LV2B000078_1.fastq.gz,/n/groups/kwon/joseph/data/LV2B_isolates/LV2B000078/LV2B000078_1.fastq.gz
LV2B000079,/n/groups/kwon/joseph/data/LV2B_isolates/LV2B000079/LV2B000079_1.fastq.gz,/n/groups/kwon/joseph/data/LV2B_isolates/LV2B000079/LV2B000079_1.fastq.gz
LV2B000080,/n/groups/kwon/joseph/data/LV2B_isolates/LV2B000080/LV2B000080_1.fastq.gz,/n/groups/kwon/joseph/data/LV2B_isolates/LV2B000080/LV2B000080_1.fastq.gz
LV2B000081,/n/groups/kwon/joseph/data/LV2B_isolates/LV2B000081/LV2B000081_1.fastq.gz,/n/groups/kwon/joseph/data/LV2B_isolates/LV2B000081/LV2B000081_1.fastq.gz
LV2B000082,/n/groups/kwon/joseph/data/LV2B_isolates/LV2B000082/LV2B000082_1.fastq.gz,/n/groups/kwon/joseph/data/LV2B_isolates/LV2B000082/LV2B000082_1.fastq.gz
LV2B000083,/n/groups/kwon/joseph/data/LV2B_isolates/LV2B000083/LV2B000083_1.fastq.gz,/n/groups/kwon/joseph/data/LV2B_isolates/LV2B000083/LV2B000083_1.fastq.gz
LV2B000084,/n/groups/kwon/joseph/data/LV2B_isolates/LV2B000084/LV2B000084_1.fastq.gz,/n/groups/kwon/joseph/data/LV2B_isolates/LV2B000084/LV2B000084_1.fastq.gz
LV2B000085,/n/groups/kwon/joseph/data/LV2B_isolates/LV2B000085/LV2B000085_1.fastq.gz,/n/groups/kwon/joseph/data/LV2B_isolates/LV2B000085/LV2B000085_1.fastq.gz
LV2B000086,/n/groups/kwon/joseph/data/LV2B_isolates/LV2B000086/LV2B000086_1.fastq.gz,/n/groups/kwon/joseph/data/LV2B_isolates/LV2B000086/LV2B000086_1.fastq.gz
LV2B000087,/n/groups/kwon/joseph/data/LV2B_isolates/LV2B000087/LV2B000087_1.fastq.gz,/n/groups/kwon/joseph/data/LV2B_isolates/LV2B000087/LV2B000087_1.fastq.gz
LV2B000088,/n/groups/kwon/joseph/data/LV2B_isolates/LV2B000088/LV2B000088_1.fastq.gz,/n/groups/kwon/joseph/data/LV2B_isolates/LV2B000088/LV2B000088_1.fastq.gz
LV2B000089,/n/groups/kwon/joseph/data/LV2B_isolates/LV2B000089/LV2B000089_1.fastq.gz,/n/groups/kwon/joseph/data/LV2B_isolates/LV2B000089/LV2B000089_1.fastq.gz
LV2B000090,/n/groups/kwon/joseph/data/LV2B_isolates/LV2B000090/LV2B000090_1.fastq.gz,/n/groups/kwon/joseph/data/LV2B_isolates/LV2B000090/LV2B000090_1.fastq.gz
LV2B000091,/n/groups/kwon/joseph/data/LV2B_isolates/LV2B000091/LV2B000091_1.fastq.gz,/n/groups/kwon/joseph/data/LV2B_isolates/LV2B000091/LV2B000091_1.fastq.gz
LV2B000092,/n/groups/kwon/joseph/data/LV2B_isolates/LV2B000092/LV2B000092_1.fastq.gz,/n/groups/kwon/joseph/data/LV2B_isolates/LV2B000092/LV2B000092_1.fastq.gz
LV2B000093,/n/groups/kwon/joseph/data/LV2B_isolates/LV2B000093/LV2B000093_1.fastq.gz,/n/groups/kwon/joseph/data/LV2B_isolates/LV2B000093/LV2B000093_1.fastq.gz
LV2B000094,/n/groups/kwon/joseph/data/LV2B_isolates/LV2B000094/LV2B000094_1.fastq.gz,/n/groups/kwon/joseph/data/LV2B_isolates/LV2B000094/LV2B000094_1.fastq.gz
LV2B000095,/n/groups/kwon/joseph/data/LV2B_isolates/LV2B000095/LV2B000095_1.fastq.gz,/n/groups/kwon/joseph/data/LV2B_isolates/LV2B000095/LV2B000095_1.fastq.gz
LV2B000096,/n/groups/kwon/joseph/data/LV2B_isolates/LV2B000096/LV2B000096_1.fastq.gz,/n/groups/kwon/joseph/data/LV2B_isolates/LV2B000096/LV2B000096_1.fastq.gz
LV2B000097,/n/groups/kwon/joseph/data/LV2B_isolates/LV2B000097/LV2B000097_1.fastq.gz,/n/groups/kwon/joseph/data/LV2B_isolates/LV2B000097/LV2B000097_1.fastq.gz
LV2B000098,/n/groups/kwon/joseph/data/LV2B_isolates/LV2B000098/LV2B000098_1.fastq.gz,/n/groups/kwon/joseph/data/LV2B_isolates/LV2B000098/LV2B000098_1.fastq.gz
LV2B000099,/n/groups/kwon/joseph/data/LV2B_isolates/LV2B000099/LV2B000099_1.fastq.gz,/n/groups/kwon/joseph/data/LV2B_isolates/LV2B000099/LV2B000099_1.fastq.gz
LV2B000100,/n/groups/kwon/joseph/data/LV2B_isolates/LV2B000100/LV2B000100_1.fastq.gz,/n/groups/kwon/joseph/data/LV2B_isolates/LV2B000100/LV2B000100_1.fastq.gz
LV2B000101,/n/groups/kwon/joseph/data/LV2B_isolates/LV2B000101/LV2B000101_1.fastq.gz,/n/groups/kwon/joseph/data/LV2B_isolates/LV2B000101/LV2B000101_1.fastq.gz
LV2B000102,/n/groups/kwon/joseph/data/LV2B_isolates/LV2B000102/LV2B000102_1.fastq.gz,/n/groups/kwon/joseph/data/LV2B_isolates/LV2B000102/LV2B000102_1.fastq.gz
LV2B000103,/n/groups/kwon/joseph/data/LV2B_isolates/LV2B000103/LV2B000103_1.fastq.gz,/n/groups/kwon/joseph/data/LV2B_isolates/LV2B000103/LV2B000103_1.fastq.gz
LV2B000104,/n/groups/kwon/joseph/data/LV2B_isolates/LV2B000104/LV2B000104_1.fastq.gz,/n/groups/kwon/joseph/data/LV2B_isolates/LV2B000104/LV2B000104_1.fastq.gz
LV2B000105,/n/groups/kwon/joseph/data/LV2B_isolates/LV2B000105/LV2B000105_1.fastq.gz,/n/groups/kwon/joseph/data/LV2B_isolates/LV2B000105/LV2B000105_1.fastq.gz
LV2B000106,/n/groups/kwon/joseph/data/LV2B_isolates/LV2B000106/LV2B000106_1.fastq.gz,/n/groups/kwon/joseph/data/LV2B_isolates/LV2B000106/LV2B000106_1.fastq.gz
LV2B000107,/n/groups/kwon/joseph/data/LV2B_isolates/LV2B000107/LV2B000107_1.fastq.gz,/n/groups/kwon/joseph/data/LV2B_isolates/LV2B000107/LV2B000107_1.fastq.gz
LV2B000108,/n/groups/kwon/joseph/data/LV2B_isolates/LV2B000108/LV2B000108_1.fastq.gz,/n/groups/kwon/joseph/data/LV2B_isolates/LV2B000108/LV2B000108_1.fastq.gz
LV2B000109,/n/groups/kwon/joseph/data/LV2B_isolates/LV2B000109/LV2B000109_1.fastq.gz,/n/groups/kwon/joseph/data/LV2B_isolates/LV2B000109/LV2B000109_1.fastq.gz
LV2B000110,/n/groups/kwon/joseph/data/LV2B_isolates/LV2B000110/LV2B000110_1.fastq.gz,/n/groups/kwon/joseph/data/LV2B_isolates/LV2B000110/LV2B000110_1.fastq.gz
LV2B000111,/n/groups/kwon/joseph/data/LV2B_isolates/LV2B000111/LV2B000111_1.fastq.gz,/n/groups/kwon/joseph/data/LV2B_isolates/LV2B000111/LV2B000111_1.fastq.gz
LV2B000112,/n/groups/kwon/joseph/data/LV2B_isolates/LV2B000112/LV2B000112_1.fastq.gz,/n/groups/kwon/joseph/data/LV2B_isolates/LV2B000112/LV2B000112_1.fastq.gz
LV2B000113,/n/groups/kwon/joseph/data/LV2B_isolates/LV2B000113/LV2B000113_1.fastq.gz,/n/groups/kwon/joseph/data/LV2B_isolates/LV2B000113/LV2B000113_1.fastq.gz
LV2B000114,/n/groups/kwon/joseph/data/LV2B_isolates/LV2B000114/LV2B000114_1.fastq.gz,/n/groups/kwon/joseph/data/LV2B_isolates/LV2B000114/LV2B000114_1.fastq.gz
LV2B000115,/n/groups/kwon/joseph/data/LV2B_isolates/LV2B000115/LV2B000115_1.fastq.gz,/n/groups/kwon/joseph/data/LV2B_isolates/LV2B000115/LV2B000115_1.fastq.gz
LV2B000116,/n/groups/kwon/joseph/data/LV2B_isolates/LV2B000116/LV2B000116_1.fastq.gz,/n/groups/kwon/joseph/data/LV2B_isolates/LV2B000116/LV2B000116_1.fastq.gz
LV2B000117,/n/groups/kwon/joseph/data/LV2B_isolates/LV2B000117/LV2B000117_1.fastq.gz,/n/groups/kwon/joseph/data/LV2B_isolates/LV2B000117/LV2B000117_1.fastq.gz
LV2B000118,/n/groups/kwon/joseph/data/LV2B_isolates/LV2B000118/LV2B000118_1.fastq.gz,/n/groups/kwon/joseph/data/LV2B_isolates/LV2B000118/LV2B000118_1.fastq.gz
LV2B000119,/n/groups/kwon/joseph/data/LV2B_isolates/LV2B000119/LV2B000119_1.fastq.gz,/n/groups/kwon/joseph/data/LV2B_isolates/LV2B000119/LV2B000119_1.fastq.gz
LV2B000120,/n/groups/kwon/joseph/data/LV2B_isolates/LV2B000120/LV2B000120_1.fastq.gz,/n/groups/kwon/joseph/data/LV2B_isolates/LV2B000120/LV2B000120_1.fastq.gz
LV2B000121,/n/groups/kwon/joseph/data/LV2B_isolates/LV2B000121/LV2B000121_1.fastq.gz,/n/groups/kwon/joseph/data/LV2B_isolates/LV2B000121/LV2B000121_1.fastq.gz
LV2B000122,/n/groups/kwon/joseph/data/LV2B_isolates/LV2B000122/LV2B000122_1.fastq.gz,/n/groups/kwon/joseph/data/LV2B_isolates/LV2B000122/LV2B000122_1.fastq.gz
LV2B000123,/n/groups/kwon/joseph/data/LV2B_isolates/LV2B000123/LV2B000123_1.fastq.gz,/n/groups/kwon/joseph/data/LV2B_isolates/LV2B000123/LV2B000123_1.fastq.gz
LV2B000124,/n/groups/kwon/joseph/data/LV2B_isolates/LV2B000124/LV2B000124_1.fastq.gz,/n/groups/kwon/joseph/data/LV2B_isolates/LV2B000124/LV2B000124_1.fastq.gz
LV2B000125,/n/groups/kwon/joseph/data/LV2B_isolates/LV2B000125/LV2B000125_1.fastq.gz,/n/groups/kwon/joseph/data/LV2B_isolates/LV2B000125/LV2B000125_1.fastq.gz
LV2B000126,/n/groups/kwon/joseph/data/LV2B_isolates/LV2B000126/LV2B000126_1.fastq.gz,/n/groups/kwon/joseph/data/LV2B_isolates/LV2B000126/LV2B000126_1.fastq.gz
LV2B000127,/n/groups/kwon/joseph/data/LV2B_isolates/LV2B000127/LV2B000127_1.fastq.gz,/n/groups/kwon/joseph/data/LV2B_isolates/LV2B000127/LV2B000127_1.fastq.gz
LV2B000128,/n/groups/kwon/joseph/data/LV2B_isolates/LV2B000128/LV2B000128_1.fastq.gz,/n/groups/kwon/joseph/data/LV2B_isolates/LV2B000128/LV2B000128_1.fastq.gz
LV2B000129,/n/groups/kwon/joseph/data/LV2B_isolates/LV2B000129/LV2B000129_1.fastq.gz,/n/groups/kwon/joseph/data/LV2B_isolates/LV2B000129/LV2B000129_1.fastq.gz
LV2B000130,/n/groups/kwon/joseph/data/LV2B_isolates/LV2B000130/LV2B000130_1.fastq.gz,/n/groups/kwon/joseph/data/LV2B_isolates/LV2B000130/LV2B000130_1.fastq.gz
LV2B000131,/n/groups/kwon/joseph/data/LV2B_isolates/LV2B000131/LV2B000131_1.fastq.gz,/n/groups/kwon/joseph/data/LV2B_isolates/LV2B000131/LV2B000131_1.fastq.gz
LV2B000132,/n/groups/kwon/joseph/data/LV2B_isolates/LV2B000132/LV2B000132_1.fastq.gz,/n/groups/kwon/joseph/data/LV2B_isolates/LV2B000132/LV2B000132_1.fastq.gz
LV2B000133,/n/groups/kwon/joseph/data/LV2B_isolates/LV2B000133/LV2B000133_1.fastq.gz,/n/groups/kwon/joseph/data/LV2B_isolates/LV2B000133/LV2B000133_1.fastq.gz
LV2B000134,/n/groups/kwon/joseph/data/LV2B_isolates/LV2B000134/LV2B000134_1.fastq.gz,/n/groups/kwon/joseph/data/LV2B_isolates/LV2B000134/LV2B000134_1.fastq.gz
LV2B000135,/n/groups/kwon/joseph/data/LV2B_isolates/LV2B000135/LV2B000135_1.fastq.gz,/n/groups/kwon/joseph/data/LV2B_isolates/LV2B000135/LV2B000135_1.fastq.gz
LV2B000136,/n/groups/kwon/joseph/data/LV2B_isolates/LV2B000136/LV2B000136_1.fastq.gz,/n/groups/kwon/joseph/data/LV2B_isolates/LV2B000136/LV2B000136_1.fastq.gz
LV2B000137,/n/groups/kwon/joseph/data/LV2B_isolates/LV2B000137/LV2B000137_1.fastq.gz,/n/groups/kwon/joseph/data/LV2B_isolates/LV2B000137/LV2B000137_1.fastq.gz
LV2B000138,/n/groups/kwon/joseph/data/LV2B_isolates/LV2B000138/LV2B000138_1.fastq.gz,/n/groups/kwon/joseph/data/LV2B_isolates/LV2B000138/LV2B000138_1.fastq.gz
LV2B000139,/n/groups/kwon/joseph/data/LV2B_isolates/LV2B000139/LV2B000139_1.fastq.gz,/n/groups/kwon/joseph/data/LV2B_isolates/LV2B000139/LV2B000139_1.fastq.gz
LV2B000140,/n/groups/kwon/joseph/data/LV2B_isolates/LV2B000140/LV2B000140_1.fastq.gz,/n/groups/kwon/joseph/data/LV2B_isolates/LV2B000140/LV2B000140_1.fastq.gz
LV2B000141,/n/groups/kwon/joseph/data/LV2B_isolates/LV2B000141/LV2B000141_1.fastq.gz,/n/groups/kwon/joseph/data/LV2B_isolates/LV2B000141/LV2B000141_1.fastq.gz
LV2B000142,/n/groups/kwon/joseph/data/LV2B_isolates/LV2B000142/LV2B000142_1.fastq.gz,/n/groups/kwon/joseph/data/LV2B_isolates/LV2B000142/LV2B000142_1.fastq.gz
LV2B000143,/n/groups/kwon/joseph/data/LV2B_isolates/LV2B000143/LV2B000143_1.fastq.gz,/n/groups/kwon/joseph/data/LV2B_isolates/LV2B000143/LV2B000143_1.fastq.gz
LV2B000144,/n/groups/kwon/joseph/data/LV2B_isolates/LV2B000144/LV2B000144_1.fastq.gz,/n/groups/kwon/joseph/data/LV2B_isolates/LV2B000144/LV2B000144_1.fastq.gz
LV2B000145,/n/groups/kwon/joseph/data/LV2B_isolates/LV2B000145/LV2B000145_1.fastq.gz,/n/groups/kwon/joseph/data/LV2B_isolates/LV2B000145/LV2B000145_1.fastq.gz
LV2B000146,/n/groups/kwon/joseph/data/LV2B_isolates/LV2B000146/LV2B000146_1.fastq.gz,/n/groups/kwon/joseph/data/LV2B_isolates/LV2B000146/LV2B000146_1.fastq.gz
LV2B000147,/n/groups/kwon/joseph/data/LV2B_isolates/LV2B000147/LV2B000147_1.fastq.gz,/n/groups/kwon/joseph/data/LV2B_isolates/LV2B000147/LV2B000147_1.fastq.gz
LV2B000148,/n/groups/kwon/joseph/data/LV2B_isolates/LV2B000148/LV2B000148_1.fastq.gz,/n/groups/kwon/joseph/data/LV2B_isolates/LV2B000148/LV2B000148_1.fastq.gz
LV2B000149,/n/groups/kwon/joseph/data/LV2B_isolates/LV2B000149/LV2B000149_1.fastq.gz,/n/groups/kwon/joseph/data/LV2B_isolates/LV2B000149/LV2B000149_1.fastq.gz
LV2B000150,/n/groups/kwon/joseph/data/LV2B_isolates/LV2B000150/LV2B000150_1.fastq.gz,/n/groups/kwon/joseph/data/LV2B_isolates/LV2B000150/LV2B000150_1.fastq.gz
LV2B000151,/n/groups/kwon/joseph/data/LV2B_isolates/LV2B000151/LV2B000151_1.fastq.gz,/n/groups/kwon/joseph/data/LV2B_isolates/LV2B000151/LV2B000151_1.fastq.gz
LV2B000152,/n/groups/kwon/joseph/data/LV2B_isolates/LV2B000152/LV2B000152_1.fastq.gz,/n/groups/kwon/joseph/data/LV2B_isolates/LV2B000152/LV2B000152_1.fastq.gz
LV2B000153,/n/groups/kwon/joseph/data/LV2B_isolates/LV2B000153/LV2B000153_1.fastq.gz,/n/groups/kwon/joseph/data/LV2B_isolates/LV2B000153/LV2B000153_1.fastq.gz
LV2B000154,/n/groups/kwon/joseph/data/LV2B_isolates/LV2B000154/LV2B000154_1.fastq.gz,/n/groups/kwon/joseph/data/LV2B_isolates/LV2B000154/LV2B000154_1.fastq.gz
LV2B000155,/n/groups/kwon/joseph/data/LV2B_isolates/LV2B000155/LV2B000155_1.fastq.gz,/n/groups/kwon/joseph/data/LV2B_isolates/LV2B000155/LV2B000155_1.fastq.gz
LV2B000156,/n/groups/kwon/joseph/data/LV2B_isolates/LV2B000156/LV2B000156_1.fastq.gz,/n/groups/kwon/joseph/data/LV2B_isolates/LV2B000156/LV2B000156_1.fastq.gz
LV2B000157,/n/groups/kwon/joseph/data/LV2B_isolates/LV2B000157/LV2B000157_1.fastq.gz,/n/groups/kwon/joseph/data/LV2B_isolates/LV2B000157/LV2B000157_1.fastq.gz
LV2B000158,/n/groups/kwon/joseph/data/LV2B_isolates/LV2B000158/LV2B000158_1.fastq.gz,/n/groups/kwon/joseph/data/LV2B_isolates/LV2B000158/LV2B000158_1.fastq.gz
LV2B000159,/n/groups/kwon/joseph/data/LV2B_isolates/LV2B000159/LV2B000159_1.fastq.gz,/n/groups/kwon/joseph/data/LV2B_isolates/LV2B000159/LV2B000159_1.fastq.gz
LV2B000160,/n/groups/kwon/joseph/data/LV2B_isolates/LV2B000160/LV2B000160_1.fastq.gz,/n/groups/kwon/joseph/data/LV2B_isolates/LV2B000160/LV2B000160_1.fastq.gz
LV2B000161,/n/groups/kwon/joseph/data/LV2B_isolates/LV2B000161/LV2B000161_1.fastq.gz,/n/groups/kwon/joseph/data/LV2B_isolates/LV2B000161/LV2B000161_1.fastq.gz
LV2B000163,/n/groups/kwon/joseph/data/LV2B_isolates/LV2B000163/LV2B000163_1.fastq.gz,/n/groups/kwon/joseph/data/LV2B_isolates/LV2B000163/LV2B000163_1.fastq.gz
LV2B000166,/n/groups/kwon/joseph/data/LV2B_isolates/LV2B000166/LV2B000166_1.fastq.gz,/n/groups/kwon/joseph/data/LV2B_isolates/LV2B000166/LV2B000166_1.fastq.gz
LV2B000167,/n/groups/kwon/joseph/data/LV2B_isolates/LV2B000167/LV2B000167_1.fastq.gz,/n/groups/kwon/joseph/data/LV2B_isolates/LV2B000167/LV2B000167_1.fastq.gz
LV2B000168,/n/groups/kwon/joseph/data/LV2B_isolates/LV2B000168/LV2B000168_1.fastq.gz,/n/groups/kwon/joseph/data/LV2B_isolates/LV2B000168/LV2B000168_1.fastq.gz
LV2B000170,/n/groups/kwon/joseph/data/LV2B_isolates/LV2B000170/LV2B000170_1.fastq.gz,/n/groups/kwon/joseph/data/LV2B_isolates/LV2B000170/LV2B000170_1.fastq.gz
LV2B000171,/n/groups/kwon/joseph/data/LV2B_isolates/LV2B000171/LV2B000171_1.fastq.gz,/n/groups/kwon/joseph/data/LV2B_isolates/LV2B000171/LV2B000171_1.fastq.gz
LV2B000172,/n/groups/kwon/joseph/data/LV2B_isolates/LV2B000172/LV2B000172_1.fastq.gz,/n/groups/kwon/joseph/data/LV2B_isolates/LV2B000172/LV2B000172_1.fastq.gz
LV2B000173,/n/groups/kwon/joseph/data/LV2B_isolates/LV2B000173/LV2B000173_1.fastq.gz,/n/groups/kwon/joseph/data/LV2B_isolates/LV2B000173/LV2B000173_1.fastq.gz
LV2B000174,/n/groups/kwon/joseph/data/LV2B_isolates/LV2B000174/LV2B000174_1.fastq.gz,/n/groups/kwon/joseph/data/LV2B_isolates/LV2B000174/LV2B000174_1.fastq.gz
LV2B000175,/n/groups/kwon/joseph/data/LV2B_isolates/LV2B000175/LV2B000175_1.fastq.gz,/n/groups/kwon/joseph/data/LV2B_isolates/LV2B000175/LV2B000175_1.fastq.gz
LV2B000176,/n/groups/kwon/joseph/data/LV2B_isolates/LV2B000176/LV2B000176_1.fastq.gz,/n/groups/kwon/joseph/data/LV2B_isolates/LV2B000176/LV2B000176_1.fastq.gz
LV2B000177,/n/groups/kwon/joseph/data/LV2B_isolates/LV2B000177/LV2B000177_1.fastq.gz,/n/groups/kwon/joseph/data/LV2B_isolates/LV2B000177/LV2B000177_1.fastq.gz
LV2B000178,/n/groups/kwon/joseph/data/LV2B_isolates/LV2B000178/LV2B000178_1.fastq.gz,/n/groups/kwon/joseph/data/LV2B_isolates/LV2B000178/LV2B000178_1.fastq.gz
LV2B000179,/n/groups/kwon/joseph/data/LV2B_isolates/LV2B000179/LV2B000179_1.fastq.gz,/n/groups/kwon/joseph/data/LV2B_isolates/LV2B000179/LV2B000179_1.fastq.gz
LV2B000180,/n/groups/kwon/joseph/data/LV2B_isolates/LV2B000180/LV2B000180_1.fastq.gz,/n/groups/kwon/joseph/data/LV2B_isolates/LV2B000180/LV2B000180_1.fastq.gz
LV2B000181,/n/groups/kwon/joseph/data/LV2B_isolates/LV2B000181/LV2B000181_1.fastq.gz,/n/groups/kwon/joseph/data/LV2B_isolates/LV2B000181/LV2B000181_1.fastq.gz
LV2B000182,/n/groups/kwon/joseph/data/LV2B_isolates/LV2B000182/LV2B000182_1.fastq.gz,/n/groups/kwon/joseph/data/LV2B_isolates/LV2B000182/LV2B000182_1.fastq.gz
LV2B000183,/n/groups/kwon/joseph/data/LV2B_isolates/LV2B000183/LV2B000183_1.fastq.gz,/n/groups/kwon/joseph/data/LV2B_isolates/LV2B000183/LV2B000183_1.fastq.gz
LV2B000184,/n/groups/kwon/joseph/data/LV2B_isolates/LV2B000184/LV2B000184_1.fastq.gz,/n/groups/kwon/joseph/data/LV2B_isolates/LV2B000184/LV2B000184_1.fastq.gz
LV2B000185,/n/groups/kwon/joseph/data/LV2B_isolates/LV2B000185/LV2B000185_1.fastq.gz,/n/groups/kwon/joseph/data/LV2B_isolates/LV2B000185/LV2B000185_1.fastq.gz
LV2B000186,/n/groups/kwon/joseph/data/LV2B_isolates/LV2B000186/LV2B000186_1.fastq.gz,/n/groups/kwon/joseph/data/LV2B_isolates/LV2B000186/LV2B000186_1.fastq.gz
LV2B000187,/n/groups/kwon/joseph/data/LV2B_isolates/LV2B000187/LV2B000187_1.fastq.gz,/n/groups/kwon/joseph/data/LV2B_isolates/LV2B000187/LV2B000187_1.fastq.gz
LV2B000188,/n/groups/kwon/joseph/data/LV2B_isolates/LV2B000188/LV2B000188_1.fastq.gz,/n/groups/kwon/joseph/data/LV2B_isolates/LV2B000188/LV2B000188_1.fastq.gz
LV2B000189,/n/groups/kwon/joseph/data/LV2B_isolates/LV2B000189/LV2B000189_1.fastq.gz,/n/groups/kwon/joseph/data/LV2B_isolates/LV2B000189/LV2B000189_1.fastq.gz
LV2B000190,/n/groups/kwon/joseph/data/LV2B_isolates/LV2B000190/LV2B000190_1.fastq.gz,/n/groups/kwon/joseph/data/LV2B_isolates/LV2B000190/LV2B000190_1.fastq.gz
LV2B000191,/n/groups/kwon/joseph/data/LV2B_isolates/LV2B000191/LV2B000191_1.fastq.gz,/n/groups/kwon/joseph/data/LV2B_isolates/LV2B000191/LV2B000191_1.fastq.gz
LV2B000192,/n/groups/kwon/joseph/data/LV2B_isolates/LV2B000192/LV2B000192_1.fastq.gz,/n/groups/kwon/joseph/data/LV2B_isolates/LV2B000192/LV2B000192_1.fastq.gz
LV2B000193,/n/groups/kwon/joseph/data/LV2B_isolates/LV2B000193/LV2B000193_1.fastq.gz,/n/groups/kwon/joseph/data/LV2B_isolates/LV2B000193/LV2B000193_1.fastq.gz
LV2B000195,/n/groups/kwon/joseph/data/LV2B_isolates/LV2B000195/LV2B000195_1.fastq.gz,/n/groups/kwon/joseph/data/LV2B_isolates/LV2B000195/LV2B000195_1.fastq.gz
LV2B000196,/n/groups/kwon/joseph/data/LV2B_isolates/LV2B000196/LV2B000196_1.fastq.gz,/n/groups/kwon/joseph/data/LV2B_isolates/LV2B000196/LV2B000196_1.fastq.gz
LV2B000197,/n/groups/kwon/joseph/data/LV2B_isolates/LV2B000197/LV2B000197_1.fastq.gz,/n/groups/kwon/joseph/data/LV2B_isolates/LV2B000197/LV2B000197_1.fastq.gz
LV2B000198,/n/groups/kwon/joseph/data/LV2B_isolates/LV2B000198/LV2B000198_1.fastq.gz,/n/groups/kwon/joseph/data/LV2B_isolates/LV2B000198/LV2B000198_1.fastq.gz
LV2B000199,/n/groups/kwon/joseph/data/LV2B_isolates/LV2B000199/LV2B000199_1.fastq.gz,/n/groups/kwon/joseph/data/LV2B_isolates/LV2B000199/LV2B000199_1.fastq.gz
LV2B000200,/n/groups/kwon/joseph/data/LV2B_isolates/LV2B000200/LV2B000200_1.fastq.gz,/n/groups/kwon/joseph/data/LV2B_isolates/LV2B000200/LV2B000200_1.fastq.gz
LV2B000201,/n/groups/kwon/joseph/data/LV2B_isolates/LV2B000201/LV2B000201_1.fastq.gz,/n/groups/kwon/joseph/data/LV2B_isolates/LV2B000201/LV2B000201_1.fastq.gz
LV2B000203,/n/groups/kwon/joseph/data/LV2B_isolates/LV2B000203/LV2B000203_1.fastq.gz,/n/groups/kwon/joseph/data/LV2B_isolates/LV2B000203/LV2B000203_1.fastq.gz